post_title,post_name,post_parent,ID,post_content,post_status,post_password,post_date,post_author,stock,regular_price,weight,length,width,height,tax_class,visibility,stock_status,backorders,sold_individually,low_stock_amount,manage_stock,tax_status,sale_price_dates_from,sale_price_dates_to,product_url,button_text,images,product_page_url,meta:_yoast_wpseo_focuskw,meta:_yoast_wpseo_canonical,meta:_yoast_wpseo_bctitle,meta:_yoast_wpseo_meta-robots-adv,meta:_yoast_wpseo_is_cornerstone,meta:_yoast_wpseo_metadesc,meta:_yoast_wpseo_linkdex,meta:_yoast_wpseo_estimated-reading-time-minutes,meta:_yoast_wpseo_content_score,meta:_yoast_wpseo_title,meta:_yoast_wpseo_metakeywords,tax:pinterest_tags,tax:product_type,tax:product_visibility,tax:product_cat,attribute:pa_couleur,attribute_data:pa_couleur,attribute_default:pa_couleur
"BLV Watch Noir",all-blv-watch,,5219,"<h2><a href=""https://www.black-vergo-shop.com/"">BLV</a></h2>
<h2><a href=""https://www.black-vergo-shop.com/"">BLV</a></h2>
<img src=""https://www.black-vergo-shop.com/wp-content/uploads/2021/10/BLV-Watch-Noire-Vue-General-602x1024.jpg"" sizes=""(max-width: 602px) 100vw, 602px"" srcset=""https://i0.wp.com/www.black-vergo-shop.com/wp-content/uploads/2021/10/BLV-Watch-Noire-Vue-General.jpg?resize=602,1024&amp;ssl=1 602w, https://i0.wp.com/www.black-vergo-shop.com/wp-content/uploads/2021/10/BLV-Watch-Noire-Vue-General.jpg?resize=176,300&amp;ssl=1 176w, https://i0.wp.com/www.black-vergo-shop.com/wp-content/uploads/2021/10/BLV-Watch-Noire-Vue-General.jpg?resize=768,1306&amp;ssl=1 768w, https://i0.wp.com/www.black-vergo-shop.com/wp-content/uploads/2021/10/BLV-Watch-Noire-Vue-General.jpg?resize=416,707&amp;ssl=1 416w, https://i0.wp.com/www.black-vergo-shop.com/wp-content/uploads/2021/10/BLV-Watch-Noire-Vue-General.jpg?w=882&amp;ssl=1 882w"" alt="""" width=""602"" height=""1024"" />
<h2>BLV Watch</h2>
<h2>Noir</h2>
<h2>Couleur:</h2>
<a href=""https://www.black-vergo-shop.com/produit/all-blv-watch-blanc/"">
</a>
<a href=""https://www.black-vergo-shop.com/produit/all-blv-watch-bleu/"">
</a>
<a href=""https://www.black-vergo-shop.com/produit/all-blv-watch-rouge/"">
</a>
<a href=""https://www.black-vergo-shop.com/produit/all-blv-watch-rose/"">
</a>

Simple d'utilisation, élégante, grande autonomie, juste ce qu'il vous faut. BLV Watch est une montre connectée santé qui sera remplacer votre téléphone partout où vous l'emportez. N'ayez que l'essentielle entre vos mains. Suivre votre santé, votre forme physique, regardez vos notifications, écoutez de la musique, appeler un être chère ou encore regardez la météo pour sortir l'esprit libre. Que vous soyez sur Android ou IOS, synchronisés votre téléphone à la montre pour pouvoir restez connectés.
<h2>Bientôt disponible: vous pouvez choisir la montre de votre choix ainsi que la quantité et le mettre dans le panier pour l'enregistrer sans payer. Nous prendrons en compte votre précommande et enverrons un mail des lors de sa disponibilité.</h2>
<form action=""https://www.black-vergo-shop.com/produit/all-blv-watch/"" enctype=""multipart/form-data"" method=""post""><label for=""quantity_618f885415771"">quantité de BLV Watch Noir</label>
<input id=""quantity_618f885415771"" class=""input-text qty text"" title=""Qté"" max="""" min=""1"" name=""quantity"" size=""4"" step=""1"" type=""number"" value=""1"" placeholder="""" />
<button name=""add-to-cart"" type=""submit"" value=""5219"">
Ajouter au panier
</button></form>Livraison Gratuite   | Retour 30 jours   |   Livrés sous 1 à 3 jours
<h2>Suivez chaque pulsation de votre cœur</h2>
<h3>Suivi du rythme cardiaque</h3>
<h3>Suivi du sommeil</h3>
<h3>Alarme de réveil</h3>
<h3>Exercices de respiration guidés</h3>
<img src=""https://www.black-vergo-shop.com/wp-content/uploads/2021/10/Hf113644042b142d392ee66792bc3d10cq-removebg-preview.png"" sizes=""(max-width: 616px) 100vw, 616px"" srcset=""https://i2.wp.com/www.black-vergo-shop.com/wp-content/uploads/2021/10/Hf113644042b142d392ee66792bc3d10cq-removebg-preview.png?w=616&amp;ssl=1 616w, https://i2.wp.com/www.black-vergo-shop.com/wp-content/uploads/2021/10/Hf113644042b142d392ee66792bc3d10cq-removebg-preview.png?resize=300,197&amp;ssl=1 300w, https://i2.wp.com/www.black-vergo-shop.com/wp-content/uploads/2021/10/Hf113644042b142d392ee66792bc3d10cq-removebg-preview.png?resize=416,274&amp;ssl=1 416w"" alt="""" width=""616"" height=""405"" />
<img src=""https://www.black-vergo-shop.com/wp-content/uploads/2021/10/81JL3EqUsBL._AC_SL1500___2_-removebg-preview.png"" sizes=""(max-width: 738px) 100vw, 738px"" srcset=""https://i2.wp.com/www.black-vergo-shop.com/wp-content/uploads/2021/10/81JL3EqUsBL._AC_SL1500___2_-removebg-preview.png?w=738&amp;ssl=1 738w, https://i2.wp.com/www.black-vergo-shop.com/wp-content/uploads/2021/10/81JL3EqUsBL._AC_SL1500___2_-removebg-preview.png?resize=300,73&amp;ssl=1 300w, https://i2.wp.com/www.black-vergo-shop.com/wp-content/uploads/2021/10/81JL3EqUsBL._AC_SL1500___2_-removebg-preview.png?resize=416,101&amp;ssl=1 416w"" alt="""" width=""738"" height=""179"" />
<h2>Rendez chaque séances plus intenses</h2>
<h3>Course à pied</h3>
<h3>Cyclisme</h3>
<h3>Cardio</h3>
<h3>Marche</h3>
<h3>Natation</h3>
<img src=""https://www.black-vergo-shop.com/wp-content/uploads/2020/11/pexels-anna-shvets-4482936-1-1-683x1024.jpg"" sizes=""(max-width: 683px) 100vw, 683px"" srcset=""https://i2.wp.com/www.black-vergo-shop.com/wp-content/uploads/2020/11/pexels-anna-shvets-4482936-1-1.jpg?resize=683,1024&amp;ssl=1 683w, https://i2.wp.com/www.black-vergo-shop.com/wp-content/uploads/2020/11/pexels-anna-shvets-4482936-1-1.jpg?resize=200,300&amp;ssl=1 200w, https://i2.wp.com/www.black-vergo-shop.com/wp-content/uploads/2020/11/pexels-anna-shvets-4482936-1-1.jpg?resize=768,1152&amp;ssl=1 768w, https://i2.wp.com/www.black-vergo-shop.com/wp-content/uploads/2020/11/pexels-anna-shvets-4482936-1-1.jpg?resize=1024,1536&amp;ssl=1 1024w, https://i2.wp.com/www.black-vergo-shop.com/wp-content/uploads/2020/11/pexels-anna-shvets-4482936-1-1.jpg?resize=416,624&amp;ssl=1 416w, https://i2.wp.com/www.black-vergo-shop.com/wp-content/uploads/2020/11/pexels-anna-shvets-4482936-1-1.jpg?w=1280&amp;ssl=1 1280w"" alt="""" width=""683"" height=""1024"" />
<img src=""https://www.black-vergo-shop.com/wp-content/uploads/2021/10/Capture_d_ecran__124_-removebg-preview.png"" sizes=""(max-width: 218px) 100vw, 218px"" srcset=""https://i2.wp.com/www.black-vergo-shop.com/wp-content/uploads/2021/10/Capture_d_ecran__124_-removebg-preview.png?w=218&amp;ssl=1 218w, https://i2.wp.com/www.black-vergo-shop.com/wp-content/uploads/2021/10/Capture_d_ecran__124_-removebg-preview.png?resize=150,150&amp;ssl=1 150w, https://i2.wp.com/www.black-vergo-shop.com/wp-content/uploads/2021/10/Capture_d_ecran__124_-removebg-preview.png?resize=32,32&amp;ssl=1 32w, https://i2.wp.com/www.black-vergo-shop.com/wp-content/uploads/2021/10/Capture_d_ecran__124_-removebg-preview.png?resize=100,100&amp;ssl=1 100w"" alt="""" width=""218"" height=""218"" />
<h2>Dure plus de 10 jours d'autonomie sans même la recharger</h2>
<h2>Restez connectés, et optimisés votre temps</h2>
<h3>Notifications de messages</h3>
<h3>Musique en Bluetooth</h3>
<h3>Appeler en Haute Qulité</h3>
<h3>Gestion du calendrier</h3>
<img src=""https://www.black-vergo-shop.com/wp-content/uploads/2021/10/pexels-karolina-grabowska-4498483-1-1024x683.jpg"" sizes=""(max-width: 980px) 100vw, 980px"" srcset=""https://i0.wp.com/www.black-vergo-shop.com/wp-content/uploads/2021/10/pexels-karolina-grabowska-4498483-1-scaled.jpg?resize=1024,683&amp;ssl=1 1024w, https://i0.wp.com/www.black-vergo-shop.com/wp-content/uploads/2021/10/pexels-karolina-grabowska-4498483-1-scaled.jpg?resize=300,200&amp;ssl=1 300w, https://i0.wp.com/www.black-vergo-shop.com/wp-content/uploads/2021/10/pexels-karolina-grabowska-4498483-1-scaled.jpg?resize=768,512&amp;ssl=1 768w, https://i0.wp.com/www.black-vergo-shop.com/wp-content/uploads/2021/10/pexels-karolina-grabowska-4498483-1-scaled.jpg?resize=1536,1024&amp;ssl=1 1536w, https://i0.wp.com/www.black-vergo-shop.com/wp-content/uploads/2021/10/pexels-karolina-grabowska-4498483-1-scaled.jpg?resize=2048,1365&amp;ssl=1 2048w, https://i0.wp.com/www.black-vergo-shop.com/wp-content/uploads/2021/10/pexels-karolina-grabowska-4498483-1-scaled.jpg?resize=416,277&amp;ssl=1 416w, https://i0.wp.com/www.black-vergo-shop.com/wp-content/uploads/2021/10/pexels-karolina-grabowska-4498483-1-scaled.jpg?w=1960&amp;ssl=1 1960w"" alt="""" width=""980"" height=""654"" />
<h2>Plus d'autonomie, plus d'énergie à dépenser</h2>
<h2>Jusqu'à</h2>
<h2>29</h2>
<h2>heures</h2>
<h2>En mode intelligent</h2>
<h2>Jusqu'à</h2>
<h2>30</h2>
<h2>jours</h2>
<h2>En mode économie</h2>
<h2>2h09</h2>
<h2>de charges</h2>
<h2>Chargée à 100%</h2>
<h2>Contenu du coffret</h2>
<img src=""https://www.black-vergo-shop.com/wp-content/uploads/2021/10/Cadrans_Noire_BLV-removebg-preview.png"" sizes=""(max-width: 510px) 100vw, 510px"" srcset=""https://i0.wp.com/www.black-vergo-shop.com/wp-content/uploads/2021/10/Cadrans_Noire_BLV-removebg-preview.png?w=510&amp;ssl=1 510w, https://i0.wp.com/www.black-vergo-shop.com/wp-content/uploads/2021/10/Cadrans_Noire_BLV-removebg-preview.png?resize=300,288&amp;ssl=1 300w, https://i0.wp.com/www.black-vergo-shop.com/wp-content/uploads/2021/10/Cadrans_Noire_BLV-removebg-preview.png?resize=416,399&amp;ssl=1 416w"" alt="""" width=""510"" height=""489"" />
<img src=""https://www.black-vergo-shop.com/wp-content/uploads/2021/10/Bande_Noir-removebg-preview.png"" sizes=""(max-width: 420px) 100vw, 420px"" srcset=""https://i0.wp.com/www.black-vergo-shop.com/wp-content/uploads/2021/10/Bande_Noir-removebg-preview.png?w=420&amp;ssl=1 420w, https://i0.wp.com/www.black-vergo-shop.com/wp-content/uploads/2021/10/Bande_Noir-removebg-preview.png?resize=212,300&amp;ssl=1 212w, https://i0.wp.com/www.black-vergo-shop.com/wp-content/uploads/2021/10/Bande_Noir-removebg-preview.png?resize=416,588&amp;ssl=1 416w"" alt="""" width=""420"" height=""594"" />
<img src=""https://www.black-vergo-shop.com/wp-content/uploads/2020/10/H1ae156bc509e4d348ffd42af1077a635F-removebg-preview.png"" alt="""" width=""160"" height=""267"" />
<h2>Boitier en zinc</h2>
<h2>Bande</h2>
<h2>Câble à chargeur magnétique</h2>
<p style=""text-align: center;"">Pour limiter l'impact sur notre environnement, aucun adaptateur secteur n'est fourni avec la BLV Watch. Veuillez utiliser votre adaptateur secteur actuel ou en acheter un nouveau.</p>

<h2>Caractéristique Techniques</h2>
<h3>Compatibilité</h3>
iOS10.0  / Android 5.0 
<h3>écran &amp; affichage</h3>
Taille de l'écran: 1.75 pouces
Résolution d'écran: écran HD
Dispositifs: écran IP67 imperméable
IPS: 320x385
<h3>Taille &amp; Poids</h3>
Taille: 44mm
Largeur: 38.4mm
Épaisseur: 11mm
Tour de bracelet: 270mm
Poids: 30 grammes
<h3>Puissance &amp; batteries</h3>
Dure 7 jours en utilisation intermittente
Dure 3-4 heures en utilisation continue
Capacité de charge rapide: jusqu'à 60% en 40 minutes
Batterie Lithium rechargeable intégrée
Méthode de charge: chargement en support
Capacité de la batterie: 200mAh
<h2>Inscrivez vous à notre newsletter et profitez d'une remise de 10% pour votre première achat</h2>
<strong>Notes:</strong>
<ol>
 	<li>L'autonomie de la batterie peut varier en fonction de l'utilisation, des paramètres, des conditions de fonctionnement et d'autres facteurs, de sorte que les résultats réels peuvent différer des données de laboratoire.</li>
 	<li>Les images du produit et le contenu des écrans inclus dans les pages ci-dessus sont fournis à titre d’illustration uniquement. Le produit lui-même (y compris, sans toutefois s'y limiter, son apparence, sa couleur, sa taille) et le contenu de l’affichage écran (y compris, sans toutefois s’y limiter, l’arrière-plan, l'interface utilisateur et les images) peuvent différer légèrement, donc le produit réel doit prévaloir.</li>
 	<li>Les données incluses dans les pages ci-dessus sont des valeurs théoriques. Toutes les données, sauf indication contraire, sont fournies par des laboratoires ou fournisseurs internes et sont obtenues dans des conditions de test spécifiques. L'utilisation réelle peut varier légèrement selon les différences entre chaque produit, les versions logicielles, les conditions d'utilisation et les facteurs environnementaux, donc les données d'utilisation réelles doivent prévaloir.</li>
 	<li>Afin de fournir les informations, les spécifications techniques et les caractéristiques relatives au produit les plus précises possible, notre entreprise se réserve le droit de modifier et de corriger les descriptions textuelles, les images et tout autre contenu inclus dans les pages ci-dessus à tout moment pour correspondre aux performances, aux spécifications, aux indices, aux pièces et à toute autre information concernant le produit réel. En raison des évolutions en temps réel des lots de produits et des facteurs de production et de distribution, vous ne serez pas expressément averti lors des modifications et des corrections nécessaires décrites ci-dessus.</li>
 	<li>Bien que le bracelet puisse surveiller votre fréquence cardiaque, il ne peut pas être utilisé à des fins médicales, il vise uniquement à aider les gens à vivre une vie plus saine. Tous les résultats de mesure sont pour référence seulement. Ils sont basés sur des algorithmes et capteurs scientifiques. Veuillez donc ne pas les comparer aux appareils médicaux, nous apprécions votre compréhension.</li>
 	<li>Ne placez pas la montre dans de l'eau chaude (aucune montre étanche ne doit être utilisée dans de l'eau chaude comme un bain chaud, un sauna, etc.)</li>
 	<li>N'appuyez sur aucun bouton dans l'eau.</li>
</ol>
<h2>boutique</h2>
<ul>
 	<li>Accueil</li>
 	<li><a href=""https://www.black-vergo-shop.com/site-blv-watch-acccueil/"">
BLV Watch
</a></li>
 	<li><a href=""https://www.black-vergo-shop.com/a-propos/"">
À propos
</a></li>
</ul>
<a href=""https://www.pinterest.fr/BLV_W/_created/"" target=""_blank"" rel=""noopener"">
Pinterest
</a>
<h2>support</h2>
<ul>
 	<li><a href=""https://www.black-vergo-shop.com/site-blv-watch-acccueil/"">
BLV
</a></li>
 	<li><a href=""https://www.black-vergo-shop.com/services-clients/"">
Services clients
</a></li>
 	<li><a href=""https://www.black-vergo-shop.com/faq/"">
FAQ
</a></li>
</ul>
<h2>légal</h2>
<ul>
 	<li><a href=""https://www.black-vergo-shop.com/mentions-legales/"">
Mentions légales
</a></li>
 	<li><a href=""https://www.black-vergo-shop.com/conditions-generales/"">
Conditions générales de vente
</a></li>
 	<li><a href=""https://www.black-vergo-shop.com/politique-de-confidentialite/"">
Politique de cofidentialité
</a></li>
 	<li><a href=""https://www.black-vergo-shop.com/politique-de-cookies/"">
Politique de cookies
</a></li>
</ul>
<h2>© 2021 BLV - Tous droits réservés.</h2>",publish,,"2021-10-09 07:22:17",1,,89.99,0.3,0.044,0.038,0.011,,,instock,no,no,,no,taxable,,,,,"https://www.black-vergo-shop.com/wp-content/uploads/2021/10/BLV-Watch-Noire-Vue-General-8.jpg ! alt :  ! title : BLV Watch Noire Vue Géneral-8 ! desc :  ! caption : ",https://www.black-vergo-shop.com/produit/all-blv-watch/,,,,,,,,,30,,,,simple,exclude-from-search|featured,"Montres connectés",,,
"BLV Watch Bleu",all-blv-watch-bleu,,5298,"<h2><a href=""https://www.black-vergo-shop.com/"">BLV</a></h2>
<h2><a href=""https://www.black-vergo-shop.com/"">BLV</a></h2>
<img src=""https://www.black-vergo-shop.com/wp-content/uploads/2021/10/BLV_Watch_Bleue-removebg-preview.png"" sizes=""(max-width: 382px) 100vw, 382px"" srcset=""https://i2.wp.com/www.black-vergo-shop.com/wp-content/uploads/2021/10/BLV_Watch_Bleue-removebg-preview.png?w=382&amp;ssl=1 382w, https://i2.wp.com/www.black-vergo-shop.com/wp-content/uploads/2021/10/BLV_Watch_Bleue-removebg-preview.png?resize=175,300&amp;ssl=1 175w"" alt="""" width=""382"" height=""653"" />
<h2>BLV Watch</h2>
<h2>Bleu</h2>
<h2>Couleur:</h2>
<a href=""https://www.black-vergo-shop.com/produit/all-blv-watch/"">
</a>
<a href=""https://www.black-vergo-shop.com/produit/all-blv-watch-blanc/"">
</a>
<a href=""https://www.black-vergo-shop.com/produit/all-blv-watch-rouge/"">
</a>
<a href=""https://www.black-vergo-shop.com/produit/all-blv-watch-rose/"">
</a>

Simple d'utilisation, élégante, grande autonomie, juste ce qu'il vous faut. BLV Watch est une montre connectée santé qui sera remplacer votre téléphone partout où vous l'emportez. N'ayez que l'essentielle entre vos mains. Suivre votre santé, votre forme physique, regardez vos notifications, écoutez de la musique, appeler un être chère ou encore regardez la météo pour sortir l'esprit libre. Que vous soyez sur Android ou IOS, synchronisés votre téléphone à la montre pour pouvoir restez connectés.

<form action=""https://www.black-vergo-shop.com/produit/all-blv-watch-bleu/"" enctype=""multipart/form-data"" method=""post""><label for=""quantity_618f884da1910"">quantité de BLV Watch Bleu</label>
<input id=""quantity_618f884da1910"" class=""input-text qty text"" title=""Qté"" max="""" min=""1"" name=""quantity"" size=""4"" step=""1"" type=""number"" value=""1"" placeholder="""" />
<button name=""add-to-cart"" type=""submit"" value=""5298"">
Ajouter au panier
</button></form>Livraison Gratuite   | Retour 30 jours   |   Livrés sous 1 à 3 jours
<h2>Suivez chaque pulsation de votre cœur</h2>
<h3>Suivi du rythme cardiaque</h3>
<h3>Suivi du sommeil</h3>
<h3>Alarme de réveil</h3>
<h3>Exercices de respiration guidés</h3>
<img src=""https://www.black-vergo-shop.com/wp-content/uploads/2021/10/Hf113644042b142d392ee66792bc3d10cq-removebg-preview.png"" sizes=""(max-width: 616px) 100vw, 616px"" srcset=""https://i2.wp.com/www.black-vergo-shop.com/wp-content/uploads/2021/10/Hf113644042b142d392ee66792bc3d10cq-removebg-preview.png?w=616&amp;ssl=1 616w, https://i2.wp.com/www.black-vergo-shop.com/wp-content/uploads/2021/10/Hf113644042b142d392ee66792bc3d10cq-removebg-preview.png?resize=300,197&amp;ssl=1 300w, https://i2.wp.com/www.black-vergo-shop.com/wp-content/uploads/2021/10/Hf113644042b142d392ee66792bc3d10cq-removebg-preview.png?resize=416,274&amp;ssl=1 416w"" alt="""" width=""616"" height=""405"" />
<img src=""https://www.black-vergo-shop.com/wp-content/uploads/2021/10/81JL3EqUsBL._AC_SL1500___2_-removebg-preview.png"" sizes=""(max-width: 738px) 100vw, 738px"" srcset=""https://i2.wp.com/www.black-vergo-shop.com/wp-content/uploads/2021/10/81JL3EqUsBL._AC_SL1500___2_-removebg-preview.png?w=738&amp;ssl=1 738w, https://i2.wp.com/www.black-vergo-shop.com/wp-content/uploads/2021/10/81JL3EqUsBL._AC_SL1500___2_-removebg-preview.png?resize=300,73&amp;ssl=1 300w, https://i2.wp.com/www.black-vergo-shop.com/wp-content/uploads/2021/10/81JL3EqUsBL._AC_SL1500___2_-removebg-preview.png?resize=416,101&amp;ssl=1 416w"" alt="""" width=""738"" height=""179"" />
<h2>Rendez chaque séances plus intenses</h2>
<h3>Course à pied</h3>
<h3>Cyclisme</h3>
<h3>Cardio</h3>
<h3>Marche</h3>
<h3>Natation</h3>
<img src=""https://www.black-vergo-shop.com/wp-content/uploads/2020/11/pexels-anna-shvets-4482936-1-1-683x1024.jpg"" sizes=""(max-width: 683px) 100vw, 683px"" srcset=""https://i2.wp.com/www.black-vergo-shop.com/wp-content/uploads/2020/11/pexels-anna-shvets-4482936-1-1.jpg?resize=683,1024&amp;ssl=1 683w, https://i2.wp.com/www.black-vergo-shop.com/wp-content/uploads/2020/11/pexels-anna-shvets-4482936-1-1.jpg?resize=200,300&amp;ssl=1 200w, https://i2.wp.com/www.black-vergo-shop.com/wp-content/uploads/2020/11/pexels-anna-shvets-4482936-1-1.jpg?resize=768,1152&amp;ssl=1 768w, https://i2.wp.com/www.black-vergo-shop.com/wp-content/uploads/2020/11/pexels-anna-shvets-4482936-1-1.jpg?resize=1024,1536&amp;ssl=1 1024w, https://i2.wp.com/www.black-vergo-shop.com/wp-content/uploads/2020/11/pexels-anna-shvets-4482936-1-1.jpg?resize=416,624&amp;ssl=1 416w, https://i2.wp.com/www.black-vergo-shop.com/wp-content/uploads/2020/11/pexels-anna-shvets-4482936-1-1.jpg?w=1280&amp;ssl=1 1280w"" alt="""" width=""683"" height=""1024"" />
<img src=""https://www.black-vergo-shop.com/wp-content/uploads/2021/10/Capture_d_ecran__124_-removebg-preview.png"" sizes=""(max-width: 218px) 100vw, 218px"" srcset=""https://i2.wp.com/www.black-vergo-shop.com/wp-content/uploads/2021/10/Capture_d_ecran__124_-removebg-preview.png?w=218&amp;ssl=1 218w, https://i2.wp.com/www.black-vergo-shop.com/wp-content/uploads/2021/10/Capture_d_ecran__124_-removebg-preview.png?resize=150,150&amp;ssl=1 150w, https://i2.wp.com/www.black-vergo-shop.com/wp-content/uploads/2021/10/Capture_d_ecran__124_-removebg-preview.png?resize=32,32&amp;ssl=1 32w, https://i2.wp.com/www.black-vergo-shop.com/wp-content/uploads/2021/10/Capture_d_ecran__124_-removebg-preview.png?resize=100,100&amp;ssl=1 100w"" alt="""" width=""218"" height=""218"" />
<h2>Dure plus de 10 jours d'autonomie sans même la recharger</h2>
<h2>Restez connectés, et optimisés votre temps</h2>
<h3>Notifications de messages</h3>
<h3>Musique en Bluetooth</h3>
<h3>Appeler en Haute Qulité</h3>
<h3>Gestion du calendrier</h3>
<img src=""https://www.black-vergo-shop.com/wp-content/uploads/2021/10/pexels-karolina-grabowska-4498483-1-1024x683.jpg"" sizes=""(max-width: 980px) 100vw, 980px"" srcset=""https://i0.wp.com/www.black-vergo-shop.com/wp-content/uploads/2021/10/pexels-karolina-grabowska-4498483-1-scaled.jpg?resize=1024,683&amp;ssl=1 1024w, https://i0.wp.com/www.black-vergo-shop.com/wp-content/uploads/2021/10/pexels-karolina-grabowska-4498483-1-scaled.jpg?resize=300,200&amp;ssl=1 300w, https://i0.wp.com/www.black-vergo-shop.com/wp-content/uploads/2021/10/pexels-karolina-grabowska-4498483-1-scaled.jpg?resize=768,512&amp;ssl=1 768w, https://i0.wp.com/www.black-vergo-shop.com/wp-content/uploads/2021/10/pexels-karolina-grabowska-4498483-1-scaled.jpg?resize=1536,1024&amp;ssl=1 1536w, https://i0.wp.com/www.black-vergo-shop.com/wp-content/uploads/2021/10/pexels-karolina-grabowska-4498483-1-scaled.jpg?resize=2048,1365&amp;ssl=1 2048w, https://i0.wp.com/www.black-vergo-shop.com/wp-content/uploads/2021/10/pexels-karolina-grabowska-4498483-1-scaled.jpg?resize=416,277&amp;ssl=1 416w, https://i0.wp.com/www.black-vergo-shop.com/wp-content/uploads/2021/10/pexels-karolina-grabowska-4498483-1-scaled.jpg?w=1960&amp;ssl=1 1960w"" alt="""" width=""980"" height=""654"" />
<h2>Plus d'autonomie, plus d'énergie à dépenser</h2>
<h2>Jusqu'à</h2>
<h2>29</h2>
<h2>heures</h2>
<h2>En mode intelligent</h2>
<h2>Jusqu'à</h2>
<h2>30</h2>
<h2>jours</h2>
<h2>En mode économie</h2>
<h2>2h09</h2>
<h2>de charges</h2>
<h2>Chargée à 100%</h2>
<h2>Contenu du coffret</h2>
<img src=""https://www.black-vergo-shop.com/wp-content/uploads/2021/10/Cadrans_Bleue_BLV-removebg-preview.png"" sizes=""(max-width: 532px) 100vw, 532px"" srcset=""https://i0.wp.com/www.black-vergo-shop.com/wp-content/uploads/2021/10/Cadrans_Bleue_BLV-removebg-preview.png?w=532&amp;ssl=1 532w, https://i0.wp.com/www.black-vergo-shop.com/wp-content/uploads/2021/10/Cadrans_Bleue_BLV-removebg-preview.png?resize=300,264&amp;ssl=1 300w, https://i0.wp.com/www.black-vergo-shop.com/wp-content/uploads/2021/10/Cadrans_Bleue_BLV-removebg-preview.png?resize=416,367&amp;ssl=1 416w"" alt="""" width=""532"" height=""469"" />
<img src=""https://www.black-vergo-shop.com/wp-content/uploads/2021/10/71MKyWvj5tL._AC_SL1500___3_-removebg-preview-1.png"" sizes=""(max-width: 325px) 100vw, 325px"" srcset=""https://i2.wp.com/www.black-vergo-shop.com/wp-content/uploads/2021/10/71MKyWvj5tL._AC_SL1500___3_-removebg-preview-1.png?w=325&amp;ssl=1 325w, https://i2.wp.com/www.black-vergo-shop.com/wp-content/uploads/2021/10/71MKyWvj5tL._AC_SL1500___3_-removebg-preview-1.png?resize=127,300&amp;ssl=1 127w"" alt="""" width=""325"" height=""767"" />
<img src=""https://www.black-vergo-shop.com/wp-content/uploads/2020/10/H1ae156bc509e4d348ffd42af1077a635F-removebg-preview.png"" alt="""" width=""160"" height=""267"" />
<h2>Boitier en zinc</h2>
<h2>Bande</h2>
<h2>Câble à chargeur magnétique</h2>
<p style=""text-align: center;"">Pour limiter l'impact sur notre environnement, aucun adaptateur secteur n'est fourni avec la BLV Watch. Veuillez utiliser votre adaptateur secteur actuel ou en acheter un nouveau.</p>

<h2>Caractéristique Techniques</h2>
<h3>Compatibilité</h3>
iOS10.0  / Android 5.0 
<h3>écran &amp; affichage</h3>
Taille de l'écran: 1.75 pouces
Résolution d'écran: écran HD
Dispositifs: écran IP67 imperméable
IPS: 320x385
<h3>Taille &amp; Poids</h3>
Taille: 44mm
Largeur: 38.4mm
Épaisseur: 11mm
Tour de bracelet: 270mm
Poids: 30 grammes
<h3>Puissance &amp; batteries</h3>
Dure 7 jours en utilisation intermittente
Dure 3-4 heures en utilisation continue
Capacité de charge rapide: jusqu'à 60% en 40 minutes
Batterie Lithium rechargeable intégrée
Méthode de charge: chargement en support
Capacité de la batterie: 200mAh
<h2>Inscrivez vous à notre newsletter et profitez d'une remise de 10% pour votre première achat</h2>
<strong>Notes:</strong>
<ol>
 	<li>L'autonomie de la batterie peut varier en fonction de l'utilisation, des paramètres, des conditions de fonctionnement et d'autres facteurs, de sorte que les résultats réels peuvent différer des données de laboratoire.</li>
 	<li>Les images du produit et le contenu des écrans inclus dans les pages ci-dessus sont fournis à titre d’illustration uniquement. Le produit lui-même (y compris, sans toutefois s'y limiter, son apparence, sa couleur, sa taille) et le contenu de l’affichage écran (y compris, sans toutefois s’y limiter, l’arrière-plan, l'interface utilisateur et les images) peuvent différer légèrement, donc le produit réel doit prévaloir.</li>
 	<li>Les données incluses dans les pages ci-dessus sont des valeurs théoriques. Toutes les données, sauf indication contraire, sont fournies par des laboratoires ou fournisseurs internes et sont obtenues dans des conditions de test spécifiques. L'utilisation réelle peut varier légèrement selon les différences entre chaque produit, les versions logicielles, les conditions d'utilisation et les facteurs environnementaux, donc les données d'utilisation réelles doivent prévaloir.</li>
 	<li>Afin de fournir les informations, les spécifications techniques et les caractéristiques relatives au produit les plus précises possible, notre entreprise se réserve le droit de modifier et de corriger les descriptions textuelles, les images et tout autre contenu inclus dans les pages ci-dessus à tout moment pour correspondre aux performances, aux spécifications, aux indices, aux pièces et à toute autre information concernant le produit réel. En raison des évolutions en temps réel des lots de produits et des facteurs de production et de distribution, vous ne serez pas expressément averti lors des modifications et des corrections nécessaires décrites ci-dessus.</li>
 	<li>Bien que le bracelet puisse surveiller votre fréquence cardiaque, il ne peut pas être utilisé à des fins médicales, il vise uniquement à aider les gens à vivre une vie plus saine. Tous les résultats de mesure sont pour référence seulement. Ils sont basés sur des algorithmes et capteurs scientifiques. Veuillez donc ne pas les comparer aux appareils médicaux, nous apprécions votre compréhension.</li>
 	<li>Ne placez pas la montre dans de l'eau chaude (aucune montre étanche ne doit être utilisée dans de l'eau chaude comme un bain chaud, un sauna, etc.)</li>
 	<li>N'appuyez sur aucun bouton dans l'eau.</li>
</ol>
<h2>boutique</h2>
<ul>
 	<li>Accueil</li>
 	<li><a href=""https://www.black-vergo-shop.com/site-blv-watch-acccueil/"">
BLV Watch
</a></li>
 	<li><a href=""https://www.black-vergo-shop.com/a-propos/"">
À propos
</a></li>
</ul>
<a href=""https://www.pinterest.fr/BLV_W/_created/"" target=""_blank"" rel=""noopener"">
Pinterest
</a>
<h2>support</h2>
<ul>
 	<li><a href=""https://www.black-vergo-shop.com/site-blv-watch-acccueil/"">
BLV
</a></li>
 	<li><a href=""https://www.black-vergo-shop.com/services-clients/"">
Services clients
</a></li>
 	<li><a href=""https://www.black-vergo-shop.com/faq/"">
FAQ
</a></li>
</ul>
<h2>légal</h2>
<ul>
 	<li><a href=""https://www.black-vergo-shop.com/mentions-legales/"">
Mentions légales
</a></li>
 	<li><a href=""https://www.black-vergo-shop.com/conditions-generales/"">
Conditions générales de vente
</a></li>
 	<li><a href=""https://www.black-vergo-shop.com/politique-de-confidentialite/"">
Politique de cofidentialité
</a></li>
 	<li><a href=""https://www.black-vergo-shop.com/politique-de-cookies/"">
Politique de cookies
</a></li>
</ul>
<h2>© 2021 BLV - Tous droits réservés.</h2>",publish,,"2021-10-09 12:14:22",1,,89.99,0.3,0.044,0.038,0.011,,,instock,no,no,,no,taxable,,,,,"https://www.black-vergo-shop.com/wp-content/uploads/2021/10/BLV-Watch-Bleue-1.jpg ! alt :  ! title : BLV Watch Bleue (1) ! desc :  ! caption : ",https://www.black-vergo-shop.com/produit/all-blv-watch-bleu/,,,,,,,,,30,,,,simple,exclude-from-search|featured,"Montres connectés",,,
"BLV Watch Blanc",all-blv-watch-blanc,,5299,"<h2>BLV</h2>
<h2>BLV</h2>
<img src=""https://www.black-vergo-shop.com/wp-content/uploads/2021/10/BLV_Watch_Blanche_Vue_General-removebg-preview.png"" sizes=""(max-width: 380px) 100vw, 380px"" srcset=""https://i1.wp.com/www.black-vergo-shop.com/wp-content/uploads/2021/10/BLV_Watch_Blanche_Vue_General-removebg-preview.png?w=380&amp;ssl=1 380w, https://i1.wp.com/www.black-vergo-shop.com/wp-content/uploads/2021/10/BLV_Watch_Blanche_Vue_General-removebg-preview.png?resize=174,300&amp;ssl=1 174w"" alt="""" width=""380"" height=""657"" />
<h2>BLV Watch</h2>
<h2>Blanc</h2>
<h2>Couleur:</h2>
<a href=""https://www.black-vergo-shop.com/produit/all-blv-watch/"">
</a>
<a href=""https://www.black-vergo-shop.com/produit/blv-watch-blanc-argente/"">
</a>
<a href=""https://www.black-vergo-shop.com/produit/all-blv-watch-bleu/"">
</a>
<a href=""https://www.black-vergo-shop.com/produit/all-blv-watch-rouge/"">
</a>
<a href=""https://www.black-vergo-shop.com/produit/all-blv-watch-rose/"">
</a>

Simple d'utilisation, élégante, grande autonomie, juste ce qu'il vous faut. BLV Watch est une montre connectée santé qui sera remplacer votre téléphone partout où vous l'emportez. N'ayez que l'essentielle entre vos mains. Suivre votre santé, votre forme physique, regardez vos notifications, écoutez de la musique, appeler un être chère ou encore regardez la météo pour sortir l'esprit libre. Que vous soyez sur Android ou IOS, synchronisés votre téléphone à la montre pour pouvoir restez connectés.
<h2>Bientôt disponible: vous pouvez choisir la montre de votre choix ainsi que la quantité et le mettre dans le panier pour l'enregistrer sans payer. Nous prendrons en compte votre précommande et enverrons un mail des lors de sa disponibilité.</h2>
<form action=""https://www.black-vergo-shop.com/produit/all-blv-watch-blanc/"" enctype=""multipart/form-data"" method=""post""><label for=""quantity_618f88bd6cd97"">quantité de BLV Watch Blanc</label>
<input id=""quantity_618f88bd6cd97"" class=""input-text qty text"" title=""Qté"" max="""" min=""1"" name=""quantity"" size=""4"" step=""1"" type=""number"" value=""1"" placeholder="""" />
<button name=""add-to-cart"" type=""submit"" value=""5299"">
Ajouter au panier
</button></form>Livraison Gratuite   | Retour 30 jours   |   Livrés sous 1 à 3 jours
<h2>Suivez chaque pulsation de votre cœur</h2>
<h3>Suivi du rythme cardiaque</h3>
<h3>Suivi du sommeil</h3>
<h3>Alarme de réveil</h3>
<h3>Exercices de respiration guidés</h3>
<img src=""https://www.black-vergo-shop.com/wp-content/uploads/2021/10/Hf113644042b142d392ee66792bc3d10cq-removebg-preview.png"" sizes=""(max-width: 616px) 100vw, 616px"" srcset=""https://i2.wp.com/www.black-vergo-shop.com/wp-content/uploads/2021/10/Hf113644042b142d392ee66792bc3d10cq-removebg-preview.png?w=616&amp;ssl=1 616w, https://i2.wp.com/www.black-vergo-shop.com/wp-content/uploads/2021/10/Hf113644042b142d392ee66792bc3d10cq-removebg-preview.png?resize=300,197&amp;ssl=1 300w, https://i2.wp.com/www.black-vergo-shop.com/wp-content/uploads/2021/10/Hf113644042b142d392ee66792bc3d10cq-removebg-preview.png?resize=416,274&amp;ssl=1 416w"" alt="""" width=""616"" height=""405"" />
<img src=""https://www.black-vergo-shop.com/wp-content/uploads/2021/10/81JL3EqUsBL._AC_SL1500___2_-removebg-preview.png"" sizes=""(max-width: 738px) 100vw, 738px"" srcset=""https://i2.wp.com/www.black-vergo-shop.com/wp-content/uploads/2021/10/81JL3EqUsBL._AC_SL1500___2_-removebg-preview.png?w=738&amp;ssl=1 738w, https://i2.wp.com/www.black-vergo-shop.com/wp-content/uploads/2021/10/81JL3EqUsBL._AC_SL1500___2_-removebg-preview.png?resize=300,73&amp;ssl=1 300w, https://i2.wp.com/www.black-vergo-shop.com/wp-content/uploads/2021/10/81JL3EqUsBL._AC_SL1500___2_-removebg-preview.png?resize=416,101&amp;ssl=1 416w"" alt="""" width=""738"" height=""179"" />
<h2>Rendez chaque séances plus intenses</h2>
<h3>Course à pied</h3>
<h3>Cyclisme</h3>
<h3>Cardio</h3>
<h3>Marche</h3>
<h3>Natation</h3>
<img src=""https://www.black-vergo-shop.com/wp-content/uploads/2020/11/pexels-anna-shvets-4482936-1-1-683x1024.jpg"" sizes=""(max-width: 683px) 100vw, 683px"" srcset=""https://i2.wp.com/www.black-vergo-shop.com/wp-content/uploads/2020/11/pexels-anna-shvets-4482936-1-1.jpg?resize=683,1024&amp;ssl=1 683w, https://i2.wp.com/www.black-vergo-shop.com/wp-content/uploads/2020/11/pexels-anna-shvets-4482936-1-1.jpg?resize=200,300&amp;ssl=1 200w, https://i2.wp.com/www.black-vergo-shop.com/wp-content/uploads/2020/11/pexels-anna-shvets-4482936-1-1.jpg?resize=768,1152&amp;ssl=1 768w, https://i2.wp.com/www.black-vergo-shop.com/wp-content/uploads/2020/11/pexels-anna-shvets-4482936-1-1.jpg?resize=1024,1536&amp;ssl=1 1024w, https://i2.wp.com/www.black-vergo-shop.com/wp-content/uploads/2020/11/pexels-anna-shvets-4482936-1-1.jpg?resize=416,624&amp;ssl=1 416w, https://i2.wp.com/www.black-vergo-shop.com/wp-content/uploads/2020/11/pexels-anna-shvets-4482936-1-1.jpg?w=1280&amp;ssl=1 1280w"" alt="""" width=""683"" height=""1024"" />
<img src=""https://www.black-vergo-shop.com/wp-content/uploads/2021/10/Capture_d_ecran__124_-removebg-preview.png"" sizes=""(max-width: 218px) 100vw, 218px"" srcset=""https://i2.wp.com/www.black-vergo-shop.com/wp-content/uploads/2021/10/Capture_d_ecran__124_-removebg-preview.png?w=218&amp;ssl=1 218w, https://i2.wp.com/www.black-vergo-shop.com/wp-content/uploads/2021/10/Capture_d_ecran__124_-removebg-preview.png?resize=150,150&amp;ssl=1 150w, https://i2.wp.com/www.black-vergo-shop.com/wp-content/uploads/2021/10/Capture_d_ecran__124_-removebg-preview.png?resize=32,32&amp;ssl=1 32w, https://i2.wp.com/www.black-vergo-shop.com/wp-content/uploads/2021/10/Capture_d_ecran__124_-removebg-preview.png?resize=100,100&amp;ssl=1 100w"" alt="""" width=""218"" height=""218"" />
<h2>Dure plus de 10 jours d'autonomie sans même la recharger</h2>
<h2>Restez connectés, et optimisés votre temps</h2>
<h3>Notifications de messages</h3>
<h3>Musique en Bluetooth</h3>
<h3>Appeler en Haute Qulité</h3>
<h3>Gestion du calendrier</h3>
<img src=""https://www.black-vergo-shop.com/wp-content/uploads/2021/10/pexels-karolina-grabowska-4498483-1-1024x683.jpg"" sizes=""(max-width: 980px) 100vw, 980px"" srcset=""https://i0.wp.com/www.black-vergo-shop.com/wp-content/uploads/2021/10/pexels-karolina-grabowska-4498483-1-scaled.jpg?resize=1024,683&amp;ssl=1 1024w, https://i0.wp.com/www.black-vergo-shop.com/wp-content/uploads/2021/10/pexels-karolina-grabowska-4498483-1-scaled.jpg?resize=300,200&amp;ssl=1 300w, https://i0.wp.com/www.black-vergo-shop.com/wp-content/uploads/2021/10/pexels-karolina-grabowska-4498483-1-scaled.jpg?resize=768,512&amp;ssl=1 768w, https://i0.wp.com/www.black-vergo-shop.com/wp-content/uploads/2021/10/pexels-karolina-grabowska-4498483-1-scaled.jpg?resize=1536,1024&amp;ssl=1 1536w, https://i0.wp.com/www.black-vergo-shop.com/wp-content/uploads/2021/10/pexels-karolina-grabowska-4498483-1-scaled.jpg?resize=2048,1365&amp;ssl=1 2048w, https://i0.wp.com/www.black-vergo-shop.com/wp-content/uploads/2021/10/pexels-karolina-grabowska-4498483-1-scaled.jpg?resize=416,277&amp;ssl=1 416w, https://i0.wp.com/www.black-vergo-shop.com/wp-content/uploads/2021/10/pexels-karolina-grabowska-4498483-1-scaled.jpg?w=1960&amp;ssl=1 1960w"" alt="""" width=""980"" height=""654"" />
<h2>Plus d'autonomie, plus d'énergie à dépenser</h2>
<h2>Jusqu'à</h2>
<h2>29</h2>
<h2>heures</h2>
<h2>En mode intelligent</h2>
<h2>Jusqu'à</h2>
<h2>30</h2>
<h2>jours</h2>
<h2>En mode économie</h2>
<h2>2h09</h2>
<h2>de charges</h2>
<h2>Chargée à 100%</h2>
<h2>Contenu du coffret</h2>
<img src=""https://www.black-vergo-shop.com/wp-content/uploads/2021/10/Cadrans_Balnche_Argente_BLV-removebg-preview.png"" sizes=""(max-width: 512px) 100vw, 512px"" srcset=""https://i0.wp.com/www.black-vergo-shop.com/wp-content/uploads/2021/10/Cadrans_Balnche_Argente_BLV-removebg-preview.png?w=512&amp;ssl=1 512w, https://i0.wp.com/www.black-vergo-shop.com/wp-content/uploads/2021/10/Cadrans_Balnche_Argente_BLV-removebg-preview.png?resize=300,285&amp;ssl=1 300w, https://i0.wp.com/www.black-vergo-shop.com/wp-content/uploads/2021/10/Cadrans_Balnche_Argente_BLV-removebg-preview.png?resize=416,396&amp;ssl=1 416w"" alt="""" width=""512"" height=""487"" />
<img src=""https://www.black-vergo-shop.com/wp-content/uploads/2021/10/61BODu6NfPL._AC_SL1500_-removebg-preview.png"" sizes=""(max-width: 440px) 100vw, 440px"" srcset=""https://i2.wp.com/www.black-vergo-shop.com/wp-content/uploads/2021/10/61BODu6NfPL._AC_SL1500_-removebg-preview.png?w=440&amp;ssl=1 440w, https://i2.wp.com/www.black-vergo-shop.com/wp-content/uploads/2021/10/61BODu6NfPL._AC_SL1500_-removebg-preview.png?resize=233,300&amp;ssl=1 233w, https://i2.wp.com/www.black-vergo-shop.com/wp-content/uploads/2021/10/61BODu6NfPL._AC_SL1500_-removebg-preview.png?resize=416,536&amp;ssl=1 416w"" alt="""" width=""440"" height=""567"" />
<img src=""https://www.black-vergo-shop.com/wp-content/uploads/2020/10/H1ae156bc509e4d348ffd42af1077a635F-removebg-preview.png"" alt="""" width=""160"" height=""267"" />
<h2>Boitier en zinc</h2>
<h2>Bande</h2>
<h2>Câble à chargeur magnétique</h2>
<p style=""text-align: center;"">Pour limiter l'impact sur notre environnement, aucun adaptateur secteur n'est fourni avec la BLV Watch. Veuillez utiliser votre adaptateur secteur actuel ou en acheter un nouveau.</p>

<h2>Caractéristique Techniques</h2>
<h3>Compatibilité</h3>
iOS10.0  / Android 5.0 
<h3>écran &amp; affichage</h3>
Taille de l'écran: 1.75 pouces
Résolution d'écran: écran HD
Dispositifs: écran IP67 imperméable
IPS: 320x385
<h3>Taille &amp; Poids</h3>
Taille: 44mm
Largeur: 38.4mm
Épaisseur: 11mm
Tour de bracelet: 270mm
Poids: 30 grammes
<h3>Puissance &amp; batteries</h3>
Dure 7 jours en utilisation intermittente
Dure 3-4 heures en utilisation continue
Capacité de charge rapide: jusqu'à 60% en 40 minutes
Batterie Lithium rechargeable intégrée
Méthode de charge: chargement en support
Capacité de la batterie: 200mAh
<h2>Inscrivez vous à notre newsletter et profitez d'une remise de 10% pour votre première achat</h2>
<strong>Notes:</strong>
<ol>
 	<li>L'autonomie de la batterie peut varier en fonction de l'utilisation, des paramètres, des conditions de fonctionnement et d'autres facteurs, de sorte que les résultats réels peuvent différer des données de laboratoire.</li>
 	<li>Les images du produit et le contenu des écrans inclus dans les pages ci-dessus sont fournis à titre d’illustration uniquement. Le produit lui-même (y compris, sans toutefois s'y limiter, son apparence, sa couleur, sa taille) et le contenu de l’affichage écran (y compris, sans toutefois s’y limiter, l’arrière-plan, l'interface utilisateur et les images) peuvent différer légèrement, donc le produit réel doit prévaloir.</li>
 	<li>Les données incluses dans les pages ci-dessus sont des valeurs théoriques. Toutes les données, sauf indication contraire, sont fournies par des laboratoires ou fournisseurs internes et sont obtenues dans des conditions de test spécifiques. L'utilisation réelle peut varier légèrement selon les différences entre chaque produit, les versions logicielles, les conditions d'utilisation et les facteurs environnementaux, donc les données d'utilisation réelles doivent prévaloir.</li>
 	<li>Afin de fournir les informations, les spécifications techniques et les caractéristiques relatives au produit les plus précises possible, notre entreprise se réserve le droit de modifier et de corriger les descriptions textuelles, les images et tout autre contenu inclus dans les pages ci-dessus à tout moment pour correspondre aux performances, aux spécifications, aux indices, aux pièces et à toute autre information concernant le produit réel. En raison des évolutions en temps réel des lots de produits et des facteurs de production et de distribution, vous ne serez pas expressément averti lors des modifications et des corrections nécessaires décrites ci-dessus.</li>
 	<li>Bien que le bracelet puisse surveiller votre fréquence cardiaque, il ne peut pas être utilisé à des fins médicales, il vise uniquement à aider les gens à vivre une vie plus saine. Tous les résultats de mesure sont pour référence seulement. Ils sont basés sur des algorithmes et capteurs scientifiques. Veuillez donc ne pas les comparer aux appareils médicaux, nous apprécions votre compréhension.</li>
 	<li>Ne placez pas la montre dans de l'eau chaude (aucune montre étanche ne doit être utilisée dans de l'eau chaude comme un bain chaud, un sauna, etc.)</li>
 	<li>N'appuyez sur aucun bouton dans l'eau.</li>
</ol>
<h2>boutique</h2>
<ul>
 	<li>Accueil</li>
 	<li><a href=""https://www.black-vergo-shop.com/site-blv-watch-acccueil/"">
BLV Watch
</a></li>
 	<li><a href=""https://www.black-vergo-shop.com/a-propos/"">
À propos
</a></li>
</ul>
<a href=""https://www.pinterest.fr/BLV_W/_created/"" target=""_blank"" rel=""noopener"">
Pinterest
</a>
<h2>support</h2>
<ul>
 	<li><a href=""https://www.black-vergo-shop.com/site-blv-watch-acccueil/"">
BLV
</a></li>
 	<li><a href=""https://www.black-vergo-shop.com/services-clients/"">
Services clients
</a></li>
 	<li><a href=""https://www.black-vergo-shop.com/faq/"">
FAQ
</a></li>
</ul>
<h2>légal</h2>
<ul>
 	<li><a href=""https://www.black-vergo-shop.com/mentions-legales/"">
Mentions légales
</a></li>
 	<li><a href=""https://www.black-vergo-shop.com/conditions-generales/"">
Conditions générales de vente
</a></li>
 	<li><a href=""https://www.black-vergo-shop.com/politique-de-confidentialite/"">
Politique de cofidentialité
</a></li>
 	<li><a href=""https://www.black-vergo-shop.com/politique-de-cookies/"">
Politique de cookies
</a></li>
</ul>
<h2>© 2021 BLV - Tous droits réservés.</h2>",publish,,"2021-10-09 12:27:33",1,,89.99,0.3,0.044,0.038,0.011,,,instock,no,no,,no,taxable,,,,,"https://www.black-vergo-shop.com/wp-content/uploads/2021/10/BLV-Watch-Blanche-Vue-General-2.jpg ! alt :  ! title : BLV Watch Blanche Vue Géneral-2 ! desc :  ! caption : ",https://www.black-vergo-shop.com/produit/all-blv-watch-blanc/,,,,,,,,,30,,,,simple,exclude-from-search|featured,"Montres connectés",,,
"BLV Watch Rose",all-blv-watch-rose,,5300,"<h2><a href=""https://www.black-vergo-shop.com/"">BLV</a></h2>
<h2><a href=""https://www.black-vergo-shop.com/"">BLV</a></h2>
<img src=""https://www.black-vergo-shop.com/wp-content/uploads/2021/10/BLV_Watch_Rose_Vue_Face-removebg-preview.png"" sizes=""(max-width: 383px) 100vw, 383px"" srcset=""https://i2.wp.com/www.black-vergo-shop.com/wp-content/uploads/2021/10/BLV_Watch_Rose_Vue_Face-removebg-preview.png?w=383&amp;ssl=1 383w, https://i2.wp.com/www.black-vergo-shop.com/wp-content/uploads/2021/10/BLV_Watch_Rose_Vue_Face-removebg-preview.png?resize=176,300&amp;ssl=1 176w"" alt="""" width=""383"" height=""652"" />
<h2>BLV Watch</h2>
<h2>Rose</h2>
<h2>Couleur:</h2>
<a href=""https://www.black-vergo-shop.com/produit/all-blv-watch/"">
</a>
<a href=""https://www.black-vergo-shop.com/produit/all-blv-watch-blanc/"">
</a>
<a href=""https://www.black-vergo-shop.com/produit/all-blv-watch-bleu/"">
</a>
<a href=""https://www.black-vergo-shop.com/produit/all-blv-watch-rouge/"">
</a>
<a href=""https://www.black-vergo-shop.com/2021/2891/blv-watch-rose-bonbon/"">
</a>

Simple d'utilisation, élégante, grande autonomie, juste l'essentielle. BLV Watch est une montre connectée santé qui partout ou vous l'emportez sera toujours pour remplacer votre téléphone. N'ayez que l'essentielle entre vos mains. Suivre votre santé, votre forme physique, regardez vos notifications, écoutez de la musique, appeler un être chère ou encore regardez la météo pour sortir l'esprit libre. Que vous soyez sur Android ou IOS, synchronisés votre téléphone à la montre pour pouvoir restez connectés.
<h2>Bientôt disponible: vous pouvez choisir la montre de votre choix ainsi que la quantité et le mettre dans le panier pour l'enregistrer sans payer. Nous prendrons en compte votre précommande et enverrons un mail des lors de sa disponibilité.</h2>
<form action=""https://www.black-vergo-shop.com/produit/all-blv-watch-rose/"" enctype=""multipart/form-data"" method=""post""><label for=""quantity_618f893b0d39d"">quantité de BLV Watch Rose</label>
<input id=""quantity_618f893b0d39d"" class=""input-text qty text"" title=""Qté"" max="""" min=""1"" name=""quantity"" size=""4"" step=""1"" type=""number"" value=""1"" placeholder="""" />
<button name=""add-to-cart"" type=""submit"" value=""5300"">
Ajouter au panier
</button></form>Livraison Gratuite   | Retour 30 jours   |   Livrés sous 1 à 3 jours
<h2>Suivez chaque pulsation de votre cœur</h2>
<h3>Suivi du rythme cardiaque</h3>
<h3>Suivi du sommeil</h3>
<h3>Alarme de réveil</h3>
<h3>Exercices de respiration guidés</h3>
<img src=""https://www.black-vergo-shop.com/wp-content/uploads/2021/10/Hf113644042b142d392ee66792bc3d10cq-removebg-preview.png"" sizes=""(max-width: 616px) 100vw, 616px"" srcset=""https://i2.wp.com/www.black-vergo-shop.com/wp-content/uploads/2021/10/Hf113644042b142d392ee66792bc3d10cq-removebg-preview.png?w=616&amp;ssl=1 616w, https://i2.wp.com/www.black-vergo-shop.com/wp-content/uploads/2021/10/Hf113644042b142d392ee66792bc3d10cq-removebg-preview.png?resize=300,197&amp;ssl=1 300w, https://i2.wp.com/www.black-vergo-shop.com/wp-content/uploads/2021/10/Hf113644042b142d392ee66792bc3d10cq-removebg-preview.png?resize=416,274&amp;ssl=1 416w"" alt="""" width=""616"" height=""405"" />
<img src=""https://www.black-vergo-shop.com/wp-content/uploads/2021/10/81JL3EqUsBL._AC_SL1500___2_-removebg-preview.png"" sizes=""(max-width: 738px) 100vw, 738px"" srcset=""https://i2.wp.com/www.black-vergo-shop.com/wp-content/uploads/2021/10/81JL3EqUsBL._AC_SL1500___2_-removebg-preview.png?w=738&amp;ssl=1 738w, https://i2.wp.com/www.black-vergo-shop.com/wp-content/uploads/2021/10/81JL3EqUsBL._AC_SL1500___2_-removebg-preview.png?resize=300,73&amp;ssl=1 300w, https://i2.wp.com/www.black-vergo-shop.com/wp-content/uploads/2021/10/81JL3EqUsBL._AC_SL1500___2_-removebg-preview.png?resize=416,101&amp;ssl=1 416w"" alt="""" width=""738"" height=""179"" />
<h2>Rendez chaque séances plus intenses</h2>
<h3>Course à pied</h3>
<h3>Cyclisme</h3>
<h3>Cardio</h3>
<h3>Marche</h3>
<h3>Natation</h3>
<img src=""https://www.black-vergo-shop.com/wp-content/uploads/2020/11/pexels-anna-shvets-4482936-1-1-683x1024.jpg"" sizes=""(max-width: 683px) 100vw, 683px"" srcset=""https://i2.wp.com/www.black-vergo-shop.com/wp-content/uploads/2020/11/pexels-anna-shvets-4482936-1-1.jpg?resize=683,1024&amp;ssl=1 683w, https://i2.wp.com/www.black-vergo-shop.com/wp-content/uploads/2020/11/pexels-anna-shvets-4482936-1-1.jpg?resize=200,300&amp;ssl=1 200w, https://i2.wp.com/www.black-vergo-shop.com/wp-content/uploads/2020/11/pexels-anna-shvets-4482936-1-1.jpg?resize=768,1152&amp;ssl=1 768w, https://i2.wp.com/www.black-vergo-shop.com/wp-content/uploads/2020/11/pexels-anna-shvets-4482936-1-1.jpg?resize=1024,1536&amp;ssl=1 1024w, https://i2.wp.com/www.black-vergo-shop.com/wp-content/uploads/2020/11/pexels-anna-shvets-4482936-1-1.jpg?resize=416,624&amp;ssl=1 416w, https://i2.wp.com/www.black-vergo-shop.com/wp-content/uploads/2020/11/pexels-anna-shvets-4482936-1-1.jpg?w=1280&amp;ssl=1 1280w"" alt="""" width=""683"" height=""1024"" />
<img src=""https://www.black-vergo-shop.com/wp-content/uploads/2021/10/Capture_d_ecran__124_-removebg-preview.png"" sizes=""(max-width: 218px) 100vw, 218px"" srcset=""https://i2.wp.com/www.black-vergo-shop.com/wp-content/uploads/2021/10/Capture_d_ecran__124_-removebg-preview.png?w=218&amp;ssl=1 218w, https://i2.wp.com/www.black-vergo-shop.com/wp-content/uploads/2021/10/Capture_d_ecran__124_-removebg-preview.png?resize=150,150&amp;ssl=1 150w, https://i2.wp.com/www.black-vergo-shop.com/wp-content/uploads/2021/10/Capture_d_ecran__124_-removebg-preview.png?resize=32,32&amp;ssl=1 32w, https://i2.wp.com/www.black-vergo-shop.com/wp-content/uploads/2021/10/Capture_d_ecran__124_-removebg-preview.png?resize=100,100&amp;ssl=1 100w"" alt="""" width=""218"" height=""218"" />
<h2>Dure plus de 10 jours d'autonomie sans même la recharger</h2>
<h2>Restez connectés, et optimisés votre temps</h2>
<h3>Notifications de messages</h3>
<h3>Musique en Bluetooth</h3>
<h3>Appeler en Haute Qulité</h3>
<h3>Gestion du calendrier</h3>
<img src=""https://www.black-vergo-shop.com/wp-content/uploads/2021/10/pexels-karolina-grabowska-4498483-1-1024x683.jpg"" sizes=""(max-width: 980px) 100vw, 980px"" srcset=""https://i0.wp.com/www.black-vergo-shop.com/wp-content/uploads/2021/10/pexels-karolina-grabowska-4498483-1-scaled.jpg?resize=1024,683&amp;ssl=1 1024w, https://i0.wp.com/www.black-vergo-shop.com/wp-content/uploads/2021/10/pexels-karolina-grabowska-4498483-1-scaled.jpg?resize=300,200&amp;ssl=1 300w, https://i0.wp.com/www.black-vergo-shop.com/wp-content/uploads/2021/10/pexels-karolina-grabowska-4498483-1-scaled.jpg?resize=768,512&amp;ssl=1 768w, https://i0.wp.com/www.black-vergo-shop.com/wp-content/uploads/2021/10/pexels-karolina-grabowska-4498483-1-scaled.jpg?resize=1536,1024&amp;ssl=1 1536w, https://i0.wp.com/www.black-vergo-shop.com/wp-content/uploads/2021/10/pexels-karolina-grabowska-4498483-1-scaled.jpg?resize=2048,1365&amp;ssl=1 2048w, https://i0.wp.com/www.black-vergo-shop.com/wp-content/uploads/2021/10/pexels-karolina-grabowska-4498483-1-scaled.jpg?resize=416,277&amp;ssl=1 416w, https://i0.wp.com/www.black-vergo-shop.com/wp-content/uploads/2021/10/pexels-karolina-grabowska-4498483-1-scaled.jpg?w=1960&amp;ssl=1 1960w"" alt="""" width=""980"" height=""654"" />
<h2>Plus d'autonomie, plus d'énergie à dépenser</h2>
<h2>Jusqu'à</h2>
<h2>29</h2>
<h2>heures</h2>
<h2>En mode intelligent</h2>
<h2>Jusqu'à</h2>
<h2>30</h2>
<h2>jours</h2>
<h2>En mode économie</h2>
<h2>2h09</h2>
<h2>de charges</h2>
<h2>Chargée à 100%</h2>
<h2>Contenu du coffret</h2>
<img src=""https://www.black-vergo-shop.com/wp-content/uploads/2021/10/Cadrans_Rose_BLV-removebg-preview.png"" sizes=""(max-width: 504px) 100vw, 504px"" srcset=""https://i1.wp.com/www.black-vergo-shop.com/wp-content/uploads/2021/10/Cadrans_Rose_BLV-removebg-preview.png?w=504&amp;ssl=1 504w, https://i1.wp.com/www.black-vergo-shop.com/wp-content/uploads/2021/10/Cadrans_Rose_BLV-removebg-preview.png?resize=300,295&amp;ssl=1 300w, https://i1.wp.com/www.black-vergo-shop.com/wp-content/uploads/2021/10/Cadrans_Rose_BLV-removebg-preview.png?resize=416,409&amp;ssl=1 416w"" alt="""" width=""504"" height=""495"" />
<img src=""https://www.black-vergo-shop.com/wp-content/uploads/2021/10/71AVOtLeFL._AC_SL1500___3_-removebg-preview.png"" sizes=""(max-width: 307px) 100vw, 307px"" srcset=""https://i2.wp.com/www.black-vergo-shop.com/wp-content/uploads/2021/10/71AVOtLeFL._AC_SL1500___3_-removebg-preview.png?w=307&amp;ssl=1 307w, https://i2.wp.com/www.black-vergo-shop.com/wp-content/uploads/2021/10/71AVOtLeFL._AC_SL1500___3_-removebg-preview.png?resize=113,300&amp;ssl=1 113w"" alt="""" width=""307"" height=""812"" />
<img src=""https://www.black-vergo-shop.com/wp-content/uploads/2020/10/H1ae156bc509e4d348ffd42af1077a635F-removebg-preview.png"" alt="""" width=""160"" height=""267"" />
<h2>Boitier en zinc</h2>
<h2>Bande</h2>
<h2>Câble à chargeur magnétique</h2>
<p style=""text-align: center;"">Pour limiter l'impact sur notre environnement, aucun adaptateur secteur n'est fourni avec la BLV Watch. Veuillez utiliser votre adaptateur secteur actuel ou en acheter un nouveau.</p>

<h2>Caractéristique Techniques</h2>
<h3>Compatibilité</h3>
iOS10.0  / Android 5.0 
<h3>écran &amp; affichage</h3>
Taille de l'écran: 1.75 pouces
Résolution d'écran: écran HD
Dispositifs: écran IP67 imperméable
IPS: 320x385
<h3>Taille &amp; Poids</h3>
Taille: 44mm
Largeur: 38.4mm
Épaisseur: 11mm
Tour de bracelet: 270mm
Poids: 30 grammes
<h3>Puissance &amp; batteries</h3>
Dure 7 jours en utilisation intermittente
Dure 3-4 heures en utilisation continue
Capacité de charge rapide: jusqu'à 60% en 40 minutes
Batterie Lithium rechargeable intégrée
Méthode de charge: chargement en support
Capacité de la batterie: 200mAh
<h2>Inscrivez vous à notre newsletter et profitez d'une remise de 10% pour votre première achat</h2>
<strong>Notes:</strong>
<ol>
 	<li>L'autonomie de la batterie peut varier en fonction de l'utilisation, des paramètres, des conditions de fonctionnement et d'autres facteurs, de sorte que les résultats réels peuvent différer des données de laboratoire.</li>
 	<li>Les images du produit et le contenu des écrans inclus dans les pages ci-dessus sont fournis à titre d’illustration uniquement. Le produit lui-même (y compris, sans toutefois s'y limiter, son apparence, sa couleur, sa taille) et le contenu de l’affichage écran (y compris, sans toutefois s’y limiter, l’arrière-plan, l'interface utilisateur et les images) peuvent différer légèrement, donc le produit réel doit prévaloir.</li>
 	<li>Les données incluses dans les pages ci-dessus sont des valeurs théoriques. Toutes les données, sauf indication contraire, sont fournies par des laboratoires ou fournisseurs internes et sont obtenues dans des conditions de test spécifiques. L'utilisation réelle peut varier légèrement selon les différences entre chaque produit, les versions logicielles, les conditions d'utilisation et les facteurs environnementaux, donc les données d'utilisation réelles doivent prévaloir.</li>
 	<li>Afin de fournir les informations, les spécifications techniques et les caractéristiques relatives au produit les plus précises possible, notre entreprise se réserve le droit de modifier et de corriger les descriptions textuelles, les images et tout autre contenu inclus dans les pages ci-dessus à tout moment pour correspondre aux performances, aux spécifications, aux indices, aux pièces et à toute autre information concernant le produit réel. En raison des évolutions en temps réel des lots de produits et des facteurs de production et de distribution, vous ne serez pas expressément averti lors des modifications et des corrections nécessaires décrites ci-dessus.</li>
 	<li>Bien que le bracelet puisse surveiller votre fréquence cardiaque, il ne peut pas être utilisé à des fins médicales, il vise uniquement à aider les gens à vivre une vie plus saine. Tous les résultats de mesure sont pour référence seulement. Ils sont basés sur des algorithmes et capteurs scientifiques. Veuillez donc ne pas les comparer aux appareils médicaux, nous apprécions votre compréhension.</li>
 	<li>Ne placez pas la montre dans de l'eau chaude (aucune montre étanche ne doit être utilisée dans de l'eau chaude comme un bain chaud, un sauna, etc.)</li>
 	<li>N'appuyez sur aucun bouton dans l'eau.</li>
</ol>
<h2>boutique</h2>
<ul>
 	<li>Accueil</li>
 	<li><a href=""https://www.black-vergo-shop.com/site-blv-watch-acccueil/"">
BLV Watch
</a></li>
 	<li><a href=""https://www.black-vergo-shop.com/a-propos/"">
À propos
</a></li>
</ul>
<a href=""https://www.pinterest.fr/BLV_W/_created/"" target=""_blank"" rel=""noopener"">
Pinterest
</a>
<h2>support</h2>
<ul>
 	<li><a href=""https://www.black-vergo-shop.com/site-blv-watch-acccueil/"">
BLV
</a></li>
 	<li><a href=""https://www.black-vergo-shop.com/services-clients/"">
Services clients
</a></li>
 	<li><a href=""https://www.black-vergo-shop.com/faq/"">
FAQ
</a></li>
</ul>
<h2>légal</h2>
<ul>
 	<li><a href=""https://www.black-vergo-shop.com/mentions-legales/"">
Mentions légales
</a></li>
 	<li><a href=""https://www.black-vergo-shop.com/conditions-generales/"">
Conditions générales de vente
</a></li>
 	<li><a href=""https://www.black-vergo-shop.com/politique-de-confidentialite/"">
Politique de cofidentialité
</a></li>
 	<li><a href=""https://www.black-vergo-shop.com/politique-de-cookies/"">
Politique de cookies
</a></li>
</ul>
<h2>© 2021 BLV - Tous droits réservés.</h2>",publish,,"2021-10-09 12:27:42",1,,89.99,0.3,0.044,0.038,0.011,,,instock,no,no,,no,taxable,,,,,"https://www.black-vergo-shop.com/wp-content/uploads/2021/10/BLV-Watch-Rose-Vue-Face-3.jpg ! alt :  ! title : BLV Watch Rose Vue Face-3 ! desc :  ! caption : ",https://www.black-vergo-shop.com/produit/all-blv-watch-rose/,,,,,,,,,30,,,,simple,exclude-from-search|featured,"Montres connectés",,,
"BLV Watch Rouge",all-blv-watch-rouge,,5301,"<h2><a href=""https://www.black-vergo-shop.com/"">BLV</a></h2>
<h2><a href=""https://www.black-vergo-shop.com/"">BLV</a></h2>
<img src=""https://www.black-vergo-shop.com/wp-content/uploads/2021/10/BLV_Watch_Rouge-removebg-preview.png"" sizes=""(max-width: 381px) 100vw, 381px"" srcset=""https://i2.wp.com/www.black-vergo-shop.com/wp-content/uploads/2021/10/BLV_Watch_Rouge-removebg-preview.png?w=381&amp;ssl=1 381w, https://i2.wp.com/www.black-vergo-shop.com/wp-content/uploads/2021/10/BLV_Watch_Rouge-removebg-preview.png?resize=175,300&amp;ssl=1 175w"" alt="""" width=""381"" height=""654"" />
<h2>BLV Watch</h2>
<h2>Rouge</h2>
<h2>Couleur:</h2>
<a href=""https://www.black-vergo-shop.com/produit/all-blv-watch/"">
</a>
<a href=""https://www.black-vergo-shop.com/produit/all-blv-watch-blanc/"">
</a>
<a href=""https://www.black-vergo-shop.com/produit/all-blv-watch-bleu/"">
</a>
<a href=""https://www.black-vergo-shop.com/2021/2889/blv-watch-rouge-bourbon/"">
</a>
<a href=""https://www.black-vergo-shop.com/produit/all-blv-watch-rose/"">
</a>

Simple d'utilisation, élégante, grande autonomie, juste ce qu'il vous faut. BLV Watch est une montre connectée santé qui sera remplacer votre téléphone partout où vous l'emportez. N'ayez que l'essentielle entre vos mains. Suivre votre santé, votre forme physique, regardez vos notifications, écoutez de la musique, appeler un être chère ou encore regardez la météo pour sortir l'esprit libre. Que vous soyez sur Android ou IOS, synchronisés votre téléphone à la montre pour pouvoir restez connectés.
<h2>Bientôt disponible: vous pouvez choisir la montre de votre choix ainsi que la quantité et le mettre dans le panier pour l'enregistrer sans payer. Nous prendrons en compte votre précommande et enverrons un mail des lors de sa disponibilité.</h2>
<form action=""https://www.black-vergo-shop.com/produit/all-blv-watch-rouge/"" enctype=""multipart/form-data"" method=""post""><label for=""quantity_618f8a201db0f"">quantité de BLV Watch Rouge</label>
<input id=""quantity_618f8a201db0f"" class=""input-text qty text"" title=""Qté"" max="""" min=""1"" name=""quantity"" size=""4"" step=""1"" type=""number"" value=""1"" placeholder="""" />
<button name=""add-to-cart"" type=""submit"" value=""5301"">
Ajouter au panier
</button></form>Livraison Gratuite   | Retour 30 jours   |   Livrés sous 1 à 3 jours
<h2>Suivez chaque pulsation de votre cœur</h2>
<h3>Suivi du rythme cardiaque</h3>
<h3>Suivi du sommeil</h3>
<h3>Alarme de réveil</h3>
<h3>Exercices de respiration guidés</h3>
<img src=""https://www.black-vergo-shop.com/wp-content/uploads/2021/10/Hf113644042b142d392ee66792bc3d10cq-removebg-preview.png"" sizes=""(max-width: 616px) 100vw, 616px"" srcset=""https://i2.wp.com/www.black-vergo-shop.com/wp-content/uploads/2021/10/Hf113644042b142d392ee66792bc3d10cq-removebg-preview.png?w=616&amp;ssl=1 616w, https://i2.wp.com/www.black-vergo-shop.com/wp-content/uploads/2021/10/Hf113644042b142d392ee66792bc3d10cq-removebg-preview.png?resize=300,197&amp;ssl=1 300w, https://i2.wp.com/www.black-vergo-shop.com/wp-content/uploads/2021/10/Hf113644042b142d392ee66792bc3d10cq-removebg-preview.png?resize=416,274&amp;ssl=1 416w"" alt="""" width=""616"" height=""405"" />
<img src=""https://www.black-vergo-shop.com/wp-content/uploads/2021/10/81JL3EqUsBL._AC_SL1500___2_-removebg-preview.png"" sizes=""(max-width: 738px) 100vw, 738px"" srcset=""https://i2.wp.com/www.black-vergo-shop.com/wp-content/uploads/2021/10/81JL3EqUsBL._AC_SL1500___2_-removebg-preview.png?w=738&amp;ssl=1 738w, https://i2.wp.com/www.black-vergo-shop.com/wp-content/uploads/2021/10/81JL3EqUsBL._AC_SL1500___2_-removebg-preview.png?resize=300,73&amp;ssl=1 300w, https://i2.wp.com/www.black-vergo-shop.com/wp-content/uploads/2021/10/81JL3EqUsBL._AC_SL1500___2_-removebg-preview.png?resize=416,101&amp;ssl=1 416w"" alt="""" width=""738"" height=""179"" />
<h2>Rendez chaque séances plus intenses</h2>
<h3>Course à pied</h3>
<h3>Cyclisme</h3>
<h3>Cardio</h3>
<h3>Marche</h3>
<h3>Natation</h3>
<img src=""https://www.black-vergo-shop.com/wp-content/uploads/2020/11/pexels-anna-shvets-4482936-1-1-683x1024.jpg"" sizes=""(max-width: 683px) 100vw, 683px"" srcset=""https://i2.wp.com/www.black-vergo-shop.com/wp-content/uploads/2020/11/pexels-anna-shvets-4482936-1-1.jpg?resize=683,1024&amp;ssl=1 683w, https://i2.wp.com/www.black-vergo-shop.com/wp-content/uploads/2020/11/pexels-anna-shvets-4482936-1-1.jpg?resize=200,300&amp;ssl=1 200w, https://i2.wp.com/www.black-vergo-shop.com/wp-content/uploads/2020/11/pexels-anna-shvets-4482936-1-1.jpg?resize=768,1152&amp;ssl=1 768w, https://i2.wp.com/www.black-vergo-shop.com/wp-content/uploads/2020/11/pexels-anna-shvets-4482936-1-1.jpg?resize=1024,1536&amp;ssl=1 1024w, https://i2.wp.com/www.black-vergo-shop.com/wp-content/uploads/2020/11/pexels-anna-shvets-4482936-1-1.jpg?resize=416,624&amp;ssl=1 416w, https://i2.wp.com/www.black-vergo-shop.com/wp-content/uploads/2020/11/pexels-anna-shvets-4482936-1-1.jpg?w=1280&amp;ssl=1 1280w"" alt="""" width=""683"" height=""1024"" />
<img src=""https://www.black-vergo-shop.com/wp-content/uploads/2021/10/Capture_d_ecran__124_-removebg-preview.png"" sizes=""(max-width: 218px) 100vw, 218px"" srcset=""https://i2.wp.com/www.black-vergo-shop.com/wp-content/uploads/2021/10/Capture_d_ecran__124_-removebg-preview.png?w=218&amp;ssl=1 218w, https://i2.wp.com/www.black-vergo-shop.com/wp-content/uploads/2021/10/Capture_d_ecran__124_-removebg-preview.png?resize=150,150&amp;ssl=1 150w, https://i2.wp.com/www.black-vergo-shop.com/wp-content/uploads/2021/10/Capture_d_ecran__124_-removebg-preview.png?resize=32,32&amp;ssl=1 32w, https://i2.wp.com/www.black-vergo-shop.com/wp-content/uploads/2021/10/Capture_d_ecran__124_-removebg-preview.png?resize=100,100&amp;ssl=1 100w"" alt="""" width=""218"" height=""218"" />
<h2>Dure plus de 10 jours d'autonomie sans même la recharger</h2>
<h2>Restez connectés, et optimisés votre temps</h2>
<h3>Notifications de messages</h3>
<h3>Musique en Bluetooth</h3>
<h3>Appeler en Haute Qulité</h3>
<h3>Gestion du calendrier</h3>
<img src=""https://www.black-vergo-shop.com/wp-content/uploads/2021/10/pexels-karolina-grabowska-4498483-1-1024x683.jpg"" sizes=""(max-width: 980px) 100vw, 980px"" srcset=""https://i0.wp.com/www.black-vergo-shop.com/wp-content/uploads/2021/10/pexels-karolina-grabowska-4498483-1-scaled.jpg?resize=1024,683&amp;ssl=1 1024w, https://i0.wp.com/www.black-vergo-shop.com/wp-content/uploads/2021/10/pexels-karolina-grabowska-4498483-1-scaled.jpg?resize=300,200&amp;ssl=1 300w, https://i0.wp.com/www.black-vergo-shop.com/wp-content/uploads/2021/10/pexels-karolina-grabowska-4498483-1-scaled.jpg?resize=768,512&amp;ssl=1 768w, https://i0.wp.com/www.black-vergo-shop.com/wp-content/uploads/2021/10/pexels-karolina-grabowska-4498483-1-scaled.jpg?resize=1536,1024&amp;ssl=1 1536w, https://i0.wp.com/www.black-vergo-shop.com/wp-content/uploads/2021/10/pexels-karolina-grabowska-4498483-1-scaled.jpg?resize=2048,1365&amp;ssl=1 2048w, https://i0.wp.com/www.black-vergo-shop.com/wp-content/uploads/2021/10/pexels-karolina-grabowska-4498483-1-scaled.jpg?resize=416,277&amp;ssl=1 416w, https://i0.wp.com/www.black-vergo-shop.com/wp-content/uploads/2021/10/pexels-karolina-grabowska-4498483-1-scaled.jpg?w=1960&amp;ssl=1 1960w"" alt="""" width=""980"" height=""654"" />
<h2>Plus d'autonomie, plus d'énergie à dépenser</h2>
<h2>Jusqu'à</h2>
<h2>29</h2>
<h2>heures</h2>
<h2>En mode intelligent</h2>
<h2>Jusqu'à</h2>
<h2>30</h2>
<h2>jours</h2>
<h2>En mode économie</h2>
<h2>2h09</h2>
<h2>de charges</h2>
<h2>Chargée à 100%</h2>
<h2>Contenu du coffret</h2>
<img src=""https://www.black-vergo-shop.com/wp-content/uploads/2021/10/Cadrans_BLV_Rouge-removebg-preview.png"" sizes=""(max-width: 520px) 100vw, 520px"" srcset=""https://i2.wp.com/www.black-vergo-shop.com/wp-content/uploads/2021/10/Cadrans_BLV_Rouge-removebg-preview.png?w=520&amp;ssl=1 520w, https://i2.wp.com/www.black-vergo-shop.com/wp-content/uploads/2021/10/Cadrans_BLV_Rouge-removebg-preview.png?resize=300,277&amp;ssl=1 300w, https://i2.wp.com/www.black-vergo-shop.com/wp-content/uploads/2021/10/Cadrans_BLV_Rouge-removebg-preview.png?resize=416,384&amp;ssl=1 416w"" alt="""" width=""520"" height=""480"" />
<img src=""https://www.black-vergo-shop.com/wp-content/uploads/2021/10/61xUm177CsL._AC_SL1500_-removebg-preview.png"" sizes=""(max-width: 440px) 100vw, 440px"" srcset=""https://i0.wp.com/www.black-vergo-shop.com/wp-content/uploads/2021/10/61xUm177CsL._AC_SL1500_-removebg-preview.png?w=440&amp;ssl=1 440w, https://i0.wp.com/www.black-vergo-shop.com/wp-content/uploads/2021/10/61xUm177CsL._AC_SL1500_-removebg-preview.png?resize=232,300&amp;ssl=1 232w, https://i0.wp.com/www.black-vergo-shop.com/wp-content/uploads/2021/10/61xUm177CsL._AC_SL1500_-removebg-preview.png?resize=416,537&amp;ssl=1 416w"" alt="""" width=""440"" height=""568"" />
<img src=""https://www.black-vergo-shop.com/wp-content/uploads/2020/10/H1ae156bc509e4d348ffd42af1077a635F-removebg-preview.png"" alt="""" width=""160"" height=""267"" />
<h2>Boitier en zinc</h2>
<h2>Bande</h2>
<h2>Câble à chargeur magnétique</h2>
<p style=""text-align: center;"">Pour limiter l'impact sur notre environnement, aucun adaptateur secteur n'est fourni avec la BLV Watch. Veuillez utiliser votre adaptateur secteur actuel ou en acheter un nouveau.</p>

<h2>Caractéristique Techniques</h2>
<h3>Compatibilité</h3>
iOS10.0  / Android 5.0 
<h3>écran &amp; affichage</h3>
Taille de l'écran: 1.75 pouces
Résolution d'écran: écran HD
Dispositifs: écran IP67 imperméable
IPS: 320x385
<h3>Taille &amp; Poids</h3>
Taille: 44mm
Largeur: 38.4mm
Épaisseur: 11mm
Tour de bracelet: 270mm
Poids: 30 grammes
<h3>Puissance &amp; batteries</h3>
Dure 7 jours en utilisation intermittente
Dure 3-4 heures en utilisation continue
Capacité de charge rapide: jusqu'à 60% en 40 minutes
Batterie Lithium rechargeable intégrée
Méthode de charge: chargement en support
Capacité de la batterie: 200mAh
<h2>Inscrivez vous à notre newsletter et profitez d'une remise de 10% pour votre première achat</h2>
<strong>Notes:</strong>
<ol>
 	<li>L'autonomie de la batterie peut varier en fonction de l'utilisation, des paramètres, des conditions de fonctionnement et d'autres facteurs, de sorte que les résultats réels peuvent différer des données de laboratoire.</li>
 	<li>Les images du produit et le contenu des écrans inclus dans les pages ci-dessus sont fournis à titre d’illustration uniquement. Le produit lui-même (y compris, sans toutefois s'y limiter, son apparence, sa couleur, sa taille) et le contenu de l’affichage écran (y compris, sans toutefois s’y limiter, l’arrière-plan, l'interface utilisateur et les images) peuvent différer légèrement, donc le produit réel doit prévaloir.</li>
 	<li>Les données incluses dans les pages ci-dessus sont des valeurs théoriques. Toutes les données, sauf indication contraire, sont fournies par des laboratoires ou fournisseurs internes et sont obtenues dans des conditions de test spécifiques. L'utilisation réelle peut varier légèrement selon les différences entre chaque produit, les versions logicielles, les conditions d'utilisation et les facteurs environnementaux, donc les données d'utilisation réelles doivent prévaloir.</li>
 	<li>Afin de fournir les informations, les spécifications techniques et les caractéristiques relatives au produit les plus précises possible, notre entreprise se réserve le droit de modifier et de corriger les descriptions textuelles, les images et tout autre contenu inclus dans les pages ci-dessus à tout moment pour correspondre aux performances, aux spécifications, aux indices, aux pièces et à toute autre information concernant le produit réel. En raison des évolutions en temps réel des lots de produits et des facteurs de production et de distribution, vous ne serez pas expressément averti lors des modifications et des corrections nécessaires décrites ci-dessus.</li>
 	<li>Bien que le bracelet puisse surveiller votre fréquence cardiaque, il ne peut pas être utilisé à des fins médicales, il vise uniquement à aider les gens à vivre une vie plus saine. Tous les résultats de mesure sont pour référence seulement. Ils sont basés sur des algorithmes et capteurs scientifiques. Veuillez donc ne pas les comparer aux appareils médicaux, nous apprécions votre compréhension.</li>
 	<li>Ne placez pas la montre dans de l'eau chaude (aucune montre étanche ne doit être utilisée dans de l'eau chaude comme un bain chaud, un sauna, etc.)</li>
 	<li>N'appuyez sur aucun bouton dans l'eau.</li>
</ol>
<h2>boutique</h2>
<ul>
 	<li>Accueil</li>
 	<li><a href=""https://www.black-vergo-shop.com/site-blv-watch-acccueil/"">
BLV Watch
</a></li>
 	<li><a href=""https://www.black-vergo-shop.com/a-propos/"">
À propos
</a></li>
</ul>
<a href=""https://www.pinterest.fr/BLV_W/_created/"" target=""_blank"" rel=""noopener"">
Pinterest
</a>
<h2>support</h2>
<ul>
 	<li><a href=""https://www.black-vergo-shop.com/site-blv-watch-acccueil/"">
BLV
</a></li>
 	<li><a href=""https://www.black-vergo-shop.com/services-clients/"">
Services clients
</a></li>
 	<li><a href=""https://www.black-vergo-shop.com/faq/"">
FAQ
</a></li>
</ul>
<h2>légal</h2>
<ul>
 	<li><a href=""https://www.black-vergo-shop.com/mentions-legales/"">
Mentions légales
</a></li>
 	<li><a href=""https://www.black-vergo-shop.com/conditions-generales/"">
Conditions générales de vente
</a></li>
 	<li><a href=""https://www.black-vergo-shop.com/politique-de-confidentialite/"">
Politique de cofidentialité
</a></li>
 	<li><a href=""https://www.black-vergo-shop.com/politique-de-cookies/"">
Politique de cookies
</a></li>
</ul>
<h2>© 2021 BLV - Tous droits réservés.</h2>",publish,,"2021-10-09 12:15:07",1,,89.99,0.3,0.044,0.038,0.011,,,instock,no,no,,no,taxable,,,,,"https://www.black-vergo-shop.com/wp-content/uploads/2021/10/BLV-Watch-Rouge-1-2.jpg ! alt :  ! title : BLV Watch Rouge (1)-2 ! desc :  ! caption : ",https://www.black-vergo-shop.com/produit/all-blv-watch-rouge/,,,,,,,,,30,,,,simple,exclude-from-search|featured,"Montres connectés",,,
